{
  "project_info": {
    "project_number": "392586922554",
    "project_id": "iugflutterproject-ff72f",
    "storage_bucket": "iugflutterproject-ff72f.appspot.com"
  },
  "client": [
    {
      "client_info": {
        "mobilesdk_app_id": "1:392586922554:android:a5196a9e8ce912ca434303",
        "android_client_info": {
          "package_name": "com.example.iug_flutter_project"
        }
      },
      "oauth_client": [
        {
          "client_id": "392586922554-soss7f3sd3objs3aeuh5l6ktm2v3fhq0.apps.googleusercontent.com",
          "client_type": 1,
          "android_info": {
            "package_name": "com.example.iug_flutter_project",
            "certificate_hash": "324f8da36e633edc875bbdcc53fa59d74b1b3d5d"
          }
        },
        {
          "client_id": "392586922554-i8gbc0apdvkb6rb941ih4m8kv5rfg6lc.apps.googleusercontent.com",
          "client_type": 3
        }
      ],
      "api_key": [
        {
          "current_key": "AIzaSyDlyKhucyRAKJY6wyG7gnz48A4ORgdKPCs"
        }
      ],
      "services": {
        "appinvite_service": {
          "other_platform_oauth_client": [
            {
              "client_id": "392586922554-i8gbc0apdvkb6rb941ih4m8kv5rfg6lc.apps.googleusercontent.com",
              "client_type": 3
            }
          ]
        }
      }
    }
  ],
  "configuration_version": "1"
}